"Satzart";"Belegdatum";"Konto";"Gegenkonto";"Betrag";"Währung";"Text";"Belegnummer"
"0";"05.01.2026";"2800";"8400";"4250,00";"EUR";"Musterkunde Nord GmbH - Rechnung RE-2026-014 Beratung";"RE-2026-014"
"0";"06.01.2026";"2800";"4210";"-1450,00";"EUR";"Gewerbepark Kierling KG - Büromiete Jänner 2026";"MIETE-2026-01"
"0";"08.01.2026";"2800";"4930";"-185,50";"EUR";"Hetzner Online GmbH - Cloud Server Hosting Inv 2026010899";"INV-2026010899"
"0";"10.01.2026";"2800";"4930";"-89,00";"EUR";"Software-Lizenz Statement2Muster PRO Monatslizenz";"SUB-2026-001"
"0";"12.01.2026";"2800";"8400";"2100,00";"EUR";"Alpen Consult AG - Pauschale Q1 IT-Architektur";"RE-2026-015"
"0";"15.01.2026";"2800";"4980";"-64,30";"EUR";"Bürobedarf Mayer - Druckerpapier und Toner";"BELEG-8842"
"0";"18.01.2026";"2800";"4920";"-95,00";"EUR";"Telekom Austria - Glasfaser Internetanschluss Jan 2026";"TEL-202601"
"0";"22.01.2026";"2800";"4600";"-350,00";"EUR";"Online Marketing Kampagne B2B Jänner";"ADS-2026-01"
"0";"25.01.2026";"2800";"8400";"1500,00";"EUR";"Kanzlei Dr. Schmidt - Anzahlung Projektintegration";"RE-2026-016"
"0";"31.01.2026";"2800";"4970";"-12,50";"EUR";"Bankentgelt Kontoführung Jänner 2026";"KTO-2026-01"
