"EXTF";700;21;"Buchungsstapel";12;20260916230542000;;"";"";"";1001;10001;20260101;4;20260101;20261231;"Statement2Muster";"";1;;0;"EUR"
"Umsatz (ohne Soll/Haben-Kz)";"Soll/Haben-Kennzeichen";"WKZ Umsatz";"Kurs";"Basis-Umsatz";"WKZ Basis-Umsatz";"Konto";"Gegenkonto (ohne BU-Schlüssel)";"BU-Schlüssel";"Belegdatum";"Belegfeld 1";"Belegfeld 2";"Skonto";"Buchungstext"
"4250,00";"S";"EUR";"";"";"";"1200";"8400";"";"0501";"RE-2026-014";"";"";"Musterkunde Nord GmbH - Rechnung RE-2026-014 Beratung"
"1450,00";"H";"EUR";"";"";"";"1200";"4210";"";"0601";"MIETE-2026-01";"";"";"Gewerbepark Kierling KG - Büromiete Jänner 2026"
"185,50";"H";"EUR";"";"";"";"1200";"4930";"";"0801";"INV-2026010899";"";"";"Hetzner Online GmbH - Cloud Server Hosting Inv 2026010899"
"89,00";"H";"EUR";"";"";"";"1200";"4930";"";"1001";"SUB-2026-001";"";"";"Software-Lizenz Statement2Muster PRO Monatslizenz"
"2100,00";"S";"EUR";"";"";"";"1200";"8400";"";"1201";"RE-2026-015";"";"";"Alpen Consult AG - Pauschale Q1 IT-Architektur"
"64,30";"H";"EUR";"";"";"";"1200";"4980";"";"1501";"BELEG-8842";"";"";"Bürobedarf Mayer - Druckerpapier und Toner"
"95,00";"H";"EUR";"";"";"";"1200";"4920";"";"1801";"TEL-202601";"";"";"Telekom Austria - Glasfaser Internetanschluss Jan 2026"
"350,00";"H";"EUR";"";"";"";"1200";"4600";"";"2201";"ADS-2026-01";"";"";"Online Marketing Kampagne B2B Jänner"
"1500,00";"S";"EUR";"";"";"";"1200";"8400";"";"2501";"RE-2026-016";"";"";"Kanzlei Dr. Schmidt - Anzahlung Projektintegration"
"12,50";"H";"EUR";"";"";"";"1200";"4970";"";"3101";"KTO-2026-01";"";"";"Bankentgelt Kontoführung Jänner 2026"
