Auftragskonto;Buchungstag;Valutadatum;Buchungstext;Verwendungszweck;Beguenstigter/Zahlungspflichtiger;Kontonummer/IBAN;Betrag;Waehrung;Info
AT611980000000001234;05.01.2026;05.01.2026;GUTSCHRIFT;RE-2026-014;Musterkunde Nord GmbH - Rechnung RE-2026-014 Beratung;AT022011100000009876;4250,00;EUR;Umsatz gebucht
AT611980000000001234;06.01.2026;06.01.2026;LASTSCHRIFT / UEBERWEISUNG;MIETE-2026-01;Gewerbepark Kierling KG - Büromiete Jänner 2026;AT022011100000009876;-1450,00;EUR;Umsatz gebucht
AT611980000000001234;08.01.2026;08.01.2026;LASTSCHRIFT / UEBERWEISUNG;INV-2026010899;Hetzner Online GmbH - Cloud Server Hosting Inv 2026010899;AT022011100000009876;-185,50;EUR;Umsatz gebucht
AT611980000000001234;10.01.2026;10.01.2026;LASTSCHRIFT / UEBERWEISUNG;SUB-2026-001;Software-Lizenz Statement2Muster PRO Monatslizenz;AT022011100000009876;-89,00;EUR;Umsatz gebucht
AT611980000000001234;12.01.2026;12.01.2026;GUTSCHRIFT;RE-2026-015;Alpen Consult AG - Pauschale Q1 IT-Architektur;AT022011100000009876;2100,00;EUR;Umsatz gebucht
AT611980000000001234;15.01.2026;15.01.2026;LASTSCHRIFT / UEBERWEISUNG;BELEG-8842;Bürobedarf Mayer - Druckerpapier und Toner;AT022011100000009876;-64,30;EUR;Umsatz gebucht
AT611980000000001234;18.01.2026;18.01.2026;LASTSCHRIFT / UEBERWEISUNG;TEL-202601;Telekom Austria - Glasfaser Internetanschluss Jan 2026;AT022011100000009876;-95,00;EUR;Umsatz gebucht
AT611980000000001234;22.01.2026;22.01.2026;LASTSCHRIFT / UEBERWEISUNG;ADS-2026-01;Online Marketing Kampagne B2B Jänner;AT022011100000009876;-350,00;EUR;Umsatz gebucht
AT611980000000001234;25.01.2026;25.01.2026;GUTSCHRIFT;RE-2026-016;Kanzlei Dr. Schmidt - Anzahlung Projektintegration;AT022011100000009876;1500,00;EUR;Umsatz gebucht
AT611980000000001234;31.01.2026;31.01.2026;LASTSCHRIFT / UEBERWEISUNG;KTO-2026-01;Bankentgelt Kontoführung Jänner 2026;AT022011100000009876;-12,50;EUR;Umsatz gebucht